window_index,start_row,end_row,ts,label,prediction,error,raw_response
3,3,22,1772371068146,0,0,,"{""prediction"": 0}"
1,1,20,1772371066612,0,0,,"{""prediction"": 0}"
2,2,21,1772371067364,0,0,,"{""prediction"": 0}"
5,5,24,1772371069681,0,0,,"{""prediction"": 0}"
0,0,19,1772371065877,0,0,,"{""prediction"": 0}"
4,4,23,1772371068895,0,0,,"{""prediction"": 0}"
6,6,25,1772371070570,0,0,,"{""prediction"": 0}"
7,7,26,1772371071398,0,0,,"{""prediction"": 0}"
9,9,28,1772371073037,0,0,,"{""prediction"": 0}"
8,8,27,1772371072204,0,0,,"{""prediction"": 0}"
10,10,29,1772371073925,0,0,,"{""prediction"": 0}"
12,12,31,1772371075564,0,0,,"{""prediction"": 0}"
11,11,30,1772371074782,0,0,,"{""prediction"": 0}"
13,13,32,1772371076338,0,0,,"{""prediction"": 0}"
15,15,34,1772371077830,0,0,,"{""prediction"": 0}"
14,14,33,1772371077173,0,0,,"{""prediction"": 0}"
16,16,35,1772371078570,0,0,,"{""prediction"": 0}"
18,18,37,1772371080209,0,0,,"{""prediction"": 0}"
19,19,38,1772371081038,0,0,,"{""prediction"": 0}"
17,17,36,1772371079375,0,0,,"{""prediction"": 0}"
20,20,39,1772371081895,0,0,,"{""prediction"": 0}"
22,22,41,1772371083520,0,0,,"{""prediction"": 0}"
23,23,42,1772371084374,0,0,,"{""prediction"": 0}"
21,21,40,1772371082710,0,0,,"{""prediction"": 0}"
24,24,43,1772371085227,0,0,,"{""prediction"": 0}"
26,26,45,1772371086936,0,0,,"{""prediction"": 0}"
27,27,46,1772371087753,0,0,,"{""prediction"": 0}"
25,25,44,1772371086077,0,0,,"{""prediction"": 0}"
28,28,47,1772371088618,0,0,,"{""prediction"": 0}"
30,30,49,1772371090305,0,0,,"{""prediction"": 0}"
31,31,50,1772371091138,0,0,,"{""prediction"": 0}"
32,32,51,1772371091908,0,0,,"{""prediction"": 0}"
29,29,48,1772371089480,0,0,,"{""prediction"": 0}"
34,34,53,1772371093656,0,0,,"{""prediction"": 0}"
33,33,52,1772371092751,0,0,,"{""prediction"": 0}"
36,36,55,1772371095534,0,0,,"{""prediction"": 0}"
35,35,54,1772371094567,0,0,,"{""prediction"": 0}"
38,38,57,1772371097367,0,0,,"{""prediction"": 0}"
37,37,56,1772371096485,0,0,,"{""prediction"": 0}"
39,39,58,1772371098270,0,0,,"{""prediction"": 0}"
40,40,59,1772371099149,0,0,,"{""prediction"": 0}"
41,41,60,1772371100081,0,0,,"{""prediction"": 0}"
42,42,61,1772371100999,0,1,,"{""prediction"": 1}"
43,43,62,1772371101837,0,0,,"{""prediction"": 0}"
44,44,63,1772371102634,0,0,,"{""prediction"": 0}"
48,48,67,1772371105973,0,0,,"{""prediction"": 0}"
47,47,66,1772371105085,0,0,,"{""prediction"": 0}"
45,45,64,1772371103532,0,1,,"{""prediction"": 1}"
46,46,65,1772371104315,0,0,,"{""prediction"": 0}"
50,50,69,1772371107680,0,0,,"{""prediction"": 0}"
49,49,68,1772371106819,0,0,,"{""prediction"": 0}"
51,51,70,1772371108448,0,0,,"{""prediction"": 0}"
52,52,71,1772371109256,0,0,,"{""prediction"": 0}"
53,53,72,1772371109951,0,0,,"{""prediction"": 0}"
54,54,73,1772371110709,0,0,,"{""prediction"": 0}"
55,55,74,1772371111436,0,0,,"{""prediction"": 0}"
56,56,75,1772371112215,1,0,,"{""prediction"": 0}"
57,57,76,1772371113041,1,0,,"{""prediction"": 0}"
59,59,78,1772371114641,1,1,,"{""prediction"": 1}"
58,58,77,1772371113804,0,1,,"{""prediction"": 1}"
60,60,79,1772371115366,1,0,,"{""prediction"": 0}"
61,61,80,1772371116233,1,1,,"{""prediction"": 1}"
63,63,82,1772371118073,1,1,,"{""prediction"": 1}"
62,62,81,1772371117092,1,1,,"{""prediction"": 1}"
64,64,83,1772371118919,1,0,,"{""prediction"": 0}"
65,65,84,1772371119742,1,1,,"{""prediction"": 1}"
66,66,85,1772371120642,1,1,,"{""prediction"": 1}"
67,67,86,1772371121579,0,1,,"{""prediction"": 1}"
68,68,87,1772371122387,0,1,,"{""prediction"": 1}"
69,69,88,1772371123244,1,0,,"{""prediction"": 0}"
70,70,89,1772371124103,1,1,,"{""prediction"": 1}"
71,71,90,1772371124899,1,1,,"{""prediction"": 1}"
72,72,91,1772371125638,1,1,,"{""prediction"": 1}"
73,73,92,1772371126391,1,1,,"{""prediction"": 1}"
75,75,94,1772371128045,0,1,,"{""prediction"": 1}"
74,74,93,1772371127275,1,0,,"{""prediction"": 0}"
76,76,95,1772371128866,0,1,,"{""prediction"": 1}"
80,80,99,1772371132156,0,0,,"{""prediction"": 0}"
77,77,96,1772371129647,1,1,,"{""prediction"": 1}"
78,78,97,1772371130449,0,1,,"{""prediction"": 1}"
79,79,98,1772371131250,0,1,,"{""prediction"": 1}"
81,81,100,1772371132931,0,0,,"{""prediction"": 0}"
84,84,103,1772371135532,0,0,,"{""prediction"": 0}"
82,82,101,1772371133774,0,0,,"{""prediction"": 0}"
83,83,102,1772371134622,0,0,,"{""prediction"": 0}"
86,86,105,1772371137116,1,0,,"{""prediction"": 0}"
85,85,104,1772371136329,0,0,,"{""prediction"": 0}"
89,89,108,1772371139568,1,1,,"{""prediction"": 1}"
88,88,107,1772371138783,1,1,,"{""prediction"": 1}"
87,87,106,1772371137968,1,0,,"{""prediction"": 0}"
90,90,109,1772371140418,1,1,,"{""prediction"": 1}"
91,91,110,1772371141300,1,1,,"{""prediction"": 1}"
93,93,112,1772371142783,0,1,,"{""prediction"": 1}"
92,92,111,1772371141986,1,1,,"{""prediction"": 1}"
95,95,114,1772371144148,0,0,,"{""prediction"": 0}"
94,94,113,1772371143409,0,0,,"{""prediction"": 0}"
96,96,115,1772371144917,0,0,,"{""prediction"": 0}"
97,97,116,1772371145680,0,0,,"{""prediction"": 0}"
98,98,117,1772371146436,0,0,,"{""prediction"": 0}"
99,99,118,1772371147191,0,0,,"{""prediction"": 0}"
100,100,119,1772371147896,0,0,,"{""prediction"": 0}"
101,101,120,1772371148649,0,0,,"{""prediction"": 0}"
102,102,121,1772371149410,0,0,,"{""prediction"": 0}"
103,103,122,1772371150293,1,0,,"{""prediction"": 0}"
104,104,123,1772371151030,1,1,,"{""prediction"": 1}"
105,105,124,1772371152054,1,1,,"{""prediction"": 1}"
109,109,128,1772371155596,0,0,,"{""prediction"": 0}"
108,108,127,1772371154743,0,0,,"{""prediction"": 0}"
106,106,125,1772371152859,1,0,,"{""prediction"": 0}"
107,107,126,1772371153807,0,1,,"{""prediction"": 1}"
112,112,131,1772371157993,0,0,,"{""prediction"": 0}"
110,110,129,1772371156407,0,0,,"{""prediction"": 0}"
111,111,130,1772371157195,0,0,,"{""prediction"": 0}"
113,113,132,1772371158865,0,0,,"{""prediction"": 0}"
114,114,133,1772371159737,0,0,,"{""prediction"": 0}"
116,116,135,1772371161410,0,0,,"{""prediction"": 0}"
115,115,134,1772371160574,0,0,,"{""prediction"": 0}"
117,117,136,1772371162184,1,1,,"{""prediction"": 1}"
118,118,137,1772371162857,1,0,,"{""prediction"": 0}"
119,119,138,1772371163649,1,1,,"{""prediction"": 1}"
120,120,139,1772371164505,1,1,,"{""prediction"": 1}"
121,121,140,1772371165259,1,1,,"{""prediction"": 1}"
122,122,141,1772371166250,0,1,,"{""prediction"": 1}"
123,123,142,1772371167089,0,0,,"{""prediction"": 0}"
124,124,143,1772371167808,1,0,,"{""prediction"": 0}"
125,125,144,1772371168541,1,0,,"{""prediction"": 0}"
126,126,145,1772371169289,0,1,,"{""prediction"": 1}"
127,127,146,1772371169977,0,1,,"{""prediction"": 1}"
128,128,147,1772371170600,1,0,,"{""prediction"": 0}"
130,130,149,1772371171978,0,1,,"{""prediction"": 1}"
129,129,148,1772371171238,1,1,,"{""prediction"": 1}"
131,131,150,1772371172731,0,0,,"{""prediction"": 0}"
132,132,151,1772371173427,0,0,,"{""prediction"": 0}"
133,133,152,1772371174132,0,0,,"{""prediction"": 0}"
134,134,153,1772371174844,1,0,,"{""prediction"": 0}"
137,137,156,1772371177311,1,1,,"{""prediction"": 1}"
135,135,154,1772371175612,1,1,,"{""prediction"": 1}"
136,136,155,1772371176494,1,1,,"{""prediction"": 1}"
138,138,157,1772371178125,1,1,,"{""prediction"": 1}"
141,141,160,1772371180433,0,0,,"{""prediction"": 0}"
143,143,162,1772371182153,0,0,,"{""prediction"": 0}"
139,139,158,1772371178840,0,0,,"{""prediction"": 0}"
142,142,161,1772371181261,0,0,,"{""prediction"": 0}"
140,140,159,1772371179675,0,0,,"{""prediction"": 0}"
145,145,164,1772371183839,0,0,,"{""prediction"": 0}"
146,146,165,1772371184739,1,0,,"{""prediction"": 0}"
147,147,166,1772371185603,1,1,,"{""prediction"": 1}"
144,144,163,1772371182997,0,0,,"{""prediction"": 0}"
150,150,169,1772371187946,0,0,,"{""prediction"": 0}"
151,151,170,1772371188789,0,0,,"{""prediction"": 0}"
148,148,167,1772371186382,0,1,,"{""prediction"": 1}"
149,149,168,1772371187094,0,1,,"{""prediction"": 1}"
152,152,171,1772371189563,0,0,,"{""prediction"": 0}"
154,154,173,1772371191309,0,0,,"{""prediction"": 0}"
153,153,172,1772371190435,0,0,,"{""prediction"": 0}"
155,155,174,1772371192170,0,0,,"{""prediction"": 0}"
156,156,175,1772371192979,0,0,,"{""prediction"": 0}"
157,157,176,1772371193769,0,0,,"{""prediction"": 0}"
158,158,177,1772371194633,1,0,,"{""prediction"": 0}"
159,159,178,1772371195447,1,1,,"{""prediction"": 1}"
160,160,179,1772371196354,1,1,,"{""prediction"": 1}"
162,162,181,1772371198366,0,1,,"{""prediction"": 1}"
161,161,180,1772371197313,1,1,,"{""prediction"": 1}"
163,163,182,1772371199032,1,0,,"{""prediction"": 0}"
164,164,183,1772371200114,1,0,,"{""prediction"": 0}"
166,166,185,1772371201528,1,1,,"{""prediction"": 1}"
165,165,184,1772371200809,1,1,,"{""prediction"": 1}"
167,167,186,1772371202392,1,1,,"{""prediction"": 1}"
168,168,187,1772371203266,0,1,,"{""prediction"": 1}"
169,169,188,1772371204179,1,1,,"{""prediction"": 1}"
170,170,189,1772371205036,1,0,,"{""prediction"": 0}"
172,172,191,1772371206686,0,1,,"{""prediction"": 1}"
174,174,193,1772371208206,0,0,,"{""prediction"": 0}"
171,171,190,1772371205830,0,1,,"{""prediction"": 1}"
175,175,194,1772371209081,0,0,,"{""prediction"": 0}"
173,173,192,1772371207373,0,1,,"{""prediction"": 1}"
176,176,195,1772371209976,0,0,,"{""prediction"": 0}"
180,180,199,1772371213410,0,0,,"{""prediction"": 0}"
179,179,198,1772371212573,0,0,,"{""prediction"": 0}"
177,177,196,1772371210853,0,0,,"{""prediction"": 0}"
178,178,197,1772371211700,0,0,,"{""prediction"": 0}"
181,181,200,1772371214228,0,0,,"{""prediction"": 0}"
182,182,201,1772371215071,0,0,,"{""prediction"": 0}"
183,183,202,1772371215928,0,0,,"{""prediction"": 0}"
184,184,203,1772371216885,0,1,,"{""prediction"": 1}"
185,185,204,1772371217763,0,0,,"{""prediction"": 0}"
186,186,205,1772371218623,0,0,,"{""prediction"": 0}"
188,188,207,1772371220435,0,0,,"{""prediction"": 0}"
190,190,209,1772371222122,0,0,,"{""prediction"": 0}"
189,189,208,1772371221316,0,0,,"{""prediction"": 0}"
187,187,206,1772371219528,0,0,,"{""prediction"": 0}"
191,191,210,1772371222992,0,0,,"{""prediction"": 0}"
192,192,211,1772371223919,0,0,,"{""prediction"": 0}"
194,194,213,1772371225625,0,0,,"{""prediction"": 0}"
193,193,212,1772371224811,0,0,,"{""prediction"": 0}"
195,195,214,1772371226410,0,0,,"{""prediction"": 0}"
198,198,217,1772371228961,0,0,,"{""prediction"": 0}"
197,197,216,1772371228137,0,0,,"{""prediction"": 0}"
196,196,215,1772371227291,0,0,,"{""prediction"": 0}"
200,200,219,1772371230556,0,0,,"{""prediction"": 0}"
199,199,218,1772371229851,0,0,,"{""prediction"": 0}"
202,202,221,1772371232119,0,0,,"{""prediction"": 0}"
201,201,220,1772371231359,0,0,,"{""prediction"": 0}"
204,204,223,1772371233779,0,0,,"{""prediction"": 0}"
203,203,222,1772371232990,0,0,,"{""prediction"": 0}"
207,207,226,1772371236320,0,0,,"{""prediction"": 0}"
206,206,225,1772371235490,0,0,,"{""prediction"": 0}"
205,205,224,1772371234624,0,0,,"{""prediction"": 0}"
208,208,227,1772371237201,0,0,,"{""prediction"": 0}"
209,209,228,1772371237884,0,0,,"{""prediction"": 0}"
212,212,231,1772371240354,0,0,,"{""prediction"": 0}"
211,211,230,1772371239481,0,0,,"{""prediction"": 0}"
210,210,229,1772371238657,0,0,,"{""prediction"": 0}"
213,213,232,1772371241215,0,0,,"{""prediction"": 0}"
214,214,233,1772371242080,0,0,,"{""prediction"": 0}"
215,215,234,1772371242934,0,0,,"{""prediction"": 0}"
216,216,235,1772371243798,0,0,,"{""prediction"": 0}"
217,217,236,1772371244670,0,0,,"{""prediction"": 0}"
219,219,238,1772371246446,0,0,,"{""prediction"": 0}"
218,218,237,1772371245559,0,0,,"{""prediction"": 0}"
220,220,239,1772371247217,0,0,,"{""prediction"": 0}"
221,221,240,1772371247967,0,0,,"{""prediction"": 0}"
222,222,241,1772371248821,1,0,,"{""prediction"": 0}"
226,226,245,1772371252053,0,0,,"{""prediction"": 0}"
223,223,242,1772371249606,1,1,,"{""prediction"": 1}"
225,225,244,1772371251333,0,1,,"{""prediction"": 1}"
224,224,243,1772371250482,0,1,,"{""prediction"": 1}"
227,227,246,1772371252747,0,0,,"{""prediction"": 0}"
230,230,249,1772371254899,0,0,,"{""prediction"": 0}"
229,229,248,1772371254120,0,0,,"{""prediction"": 0}"
228,228,247,1772371253407,0,0,,"{""prediction"": 0}"
231,231,250,1772371255709,0,0,,"{""prediction"": 0}"
234,234,253,1772371258133,0,0,,"{""prediction"": 0}"
235,235,254,1772371259006,0,0,,"{""prediction"": 0}"
233,233,252,1772371257256,0,0,,"{""prediction"": 0}"
232,232,251,1772371256512,0,0,,"{""prediction"": 0}"
237,237,256,1772371260597,0,0,,"{""prediction"": 0}"
238,238,257,1772371261312,0,0,,"{""prediction"": 0}"
236,236,255,1772371259774,0,1,,"{""prediction"": 1}"
239,239,258,1772371262179,0,0,,"{""prediction"": 0}"
242,242,261,1772371264868,1,0,,"{""prediction"": 0}"
243,243,262,1772371265689,1,0,,"{""prediction"": 0}"
240,240,259,1772371263005,0,0,,"{""prediction"": 0}"
241,241,260,1772371263977,0,0,,"{""prediction"": 0}"
244,244,263,1772371266611,0,1,,"{""prediction"": 1}"
245,245,264,1772371267395,0,0,,"{""prediction"": 0}"
246,246,265,1772371268106,0,1,,"{""prediction"": 1}"
247,247,266,1772371268930,0,0,,"{""prediction"": 0}"
249,249,268,1772371270647,0,1,,"{""prediction"": 1}"
250,250,269,1772371271518,0,1,,"{""prediction"": 1}"
251,251,270,1772371272447,0,0,,"{""prediction"": 0}"
248,248,267,1772371269842,1,0,,"{""prediction"": 0}"
252,252,271,1772371273410,0,0,,"{""prediction"": 0}"
253,253,272,1772371274408,0,0,,"{""prediction"": 0}"
254,254,273,1772371275358,0,0,,"{""prediction"": 0}"
255,255,274,1772371276245,0,1,,"{""prediction"": 1}"
257,257,276,1772371277867,0,0,,"{""prediction"": 0}"
258,258,277,1772371278717,0,0,,"{""prediction"": 0}"
256,256,275,1772371277117,0,0,,"{""prediction"": 0}"
259,259,278,1772371279578,0,0,,"{""prediction"": 0}"
262,262,281,1772371282082,0,0,,"{""prediction"": 0}"
260,260,279,1772371280400,0,0,,"{""prediction"": 0}"
261,261,280,1772371281294,0,0,,"{""prediction"": 0}"
265,265,284,1772371284707,0,0,,"{""prediction"": 0}"
264,264,283,1772371283839,0,0,,"{""prediction"": 0}"
263,263,282,1772371282991,0,0,,"{""prediction"": 0}"
266,266,285,1772371285623,0,0,,"{""prediction"": 0}"
268,268,287,1772371287150,0,0,,"{""prediction"": 0}"
267,267,286,1772371286403,0,0,,"{""prediction"": 0}"
269,269,288,1772371287959,0,0,,"{""prediction"": 0}"
270,270,289,1772371288781,0,0,,"{""prediction"": 0}"
271,271,290,1772371289630,0,0,,"{""prediction"": 0}"
272,272,291,1772371290502,0,0,,"{""prediction"": 0}"
274,274,293,1772371292225,0,0,,"{""prediction"": 0}"
273,273,292,1772371291340,0,0,,"{""prediction"": 0}"
276,276,295,1772371294012,0,0,,"{""prediction"": 0}"
275,275,294,1772371293094,0,0,,"{""prediction"": 0}"
277,277,296,1772371294860,0,0,,"{""prediction"": 0}"
278,278,297,1772371295721,0,0,,"{""prediction"": 0}"
280,280,299,1772371297439,0,0,,"{""prediction"": 0}"
279,279,298,1772371296563,0,0,,"{""prediction"": 0}"
281,281,300,1772371298302,0,0,,"{""prediction"": 0}"
282,282,301,1772371299217,0,0,,"{""prediction"": 0}"
284,284,303,1772371300892,0,0,,"{""prediction"": 0}"
285,285,304,1772371301750,0,0,,"{""prediction"": 0}"
283,283,302,1772371300034,0,0,,"{""prediction"": 0}"
286,286,305,1772371302598,0,0,,"{""prediction"": 0}"
289,289,308,1772371305080,0,0,,"{""prediction"": 0}"
288,288,307,1772371304241,0,0,,"{""prediction"": 0}"
287,287,306,1772371303415,0,0,,"{""prediction"": 0}"
292,292,311,1772371307701,0,0,,"{""prediction"": 0}"
291,291,310,1772371306861,0,0,,"{""prediction"": 0}"
290,290,309,1772371305969,0,0,,"{""prediction"": 0}"
294,294,313,1772371309450,0,0,,"{""prediction"": 0}"
296,296,315,1772371311191,0,0,,"{""prediction"": 0}"
295,295,314,1772371310331,0,0,,"{""prediction"": 0}"
293,293,312,1772371308587,0,0,,"{""prediction"": 0}"
297,297,316,1772371312062,0,0,,"{""prediction"": 0}"
300,300,319,1772371314564,0,0,,"{""prediction"": 0}"
298,298,317,1772371312928,0,0,,"{""prediction"": 0}"
299,299,318,1772371313737,0,0,,"{""prediction"": 0}"
301,301,320,1772371315428,0,0,,"{""prediction"": 0}"
302,302,321,1772371316278,0,0,,"{""prediction"": 0}"
303,303,322,1772371317147,0,0,,"{""prediction"": 0}"
305,305,324,1772371318907,0,0,,"{""prediction"": 0}"
304,304,323,1772371317999,0,0,,"{""prediction"": 0}"
306,306,325,1772371319702,0,0,,"{""prediction"": 0}"
307,307,326,1772371320534,0,0,,"{""prediction"": 0}"
309,309,328,1772371322269,0,0,,"{""prediction"": 0}"
308,308,327,1772371321348,0,0,,"{""prediction"": 0}"
310,310,329,1772371323210,0,0,,"{""prediction"": 0}"
311,311,330,1772371324068,0,0,,"{""prediction"": 0}"
313,313,332,1772371325722,0,0,,"{""prediction"": 0}"
312,312,331,1772371324901,0,0,,"{""prediction"": 0}"
314,314,333,1772371326535,0,0,,"{""prediction"": 0}"
318,318,337,1772371329759,0,0,,"{""prediction"": 0}"
315,315,334,1772371327395,0,0,,"{""prediction"": 0}"
316,316,335,1772371328098,0,1,,"{""prediction"": 1}"
317,317,336,1772371328899,0,0,,"{""prediction"": 0}"
320,320,339,1772371331476,0,0,,"{""prediction"": 0}"
321,321,340,1772371332331,0,0,,"{""prediction"": 0}"
319,319,338,1772371330616,0,0,,"{""prediction"": 0}"
322,322,341,1772371333206,0,0,,"{""prediction"": 0}"
323,323,342,1772371334079,0,0,,"{""prediction"": 0}"
324,324,343,1772371334936,0,0,,"{""prediction"": 0}"
325,325,344,1772371335773,0,0,,"{""prediction"": 0}"
326,326,345,1772371336633,0,0,,"{""prediction"": 0}"
327,327,346,1772371337513,0,0,,"{""prediction"": 0}"
328,328,347,1772371338316,0,0,,"{""prediction"": 0}"
330,330,349,1772371339957,0,0,,"{""prediction"": 0}"
331,331,350,1772371340791,0,0,,"{""prediction"": 0}"
329,329,348,1772371339100,0,0,,"{""prediction"": 0}"
334,334,353,1772371343462,0,0,,"{""prediction"": 0}"
332,332,351,1772371341675,0,0,,"{""prediction"": 0}"
335,335,354,1772371344287,1,0,,"{""prediction"": 0}"
333,333,352,1772371342607,0,0,,"{""prediction"": 0}"
337,337,356,1772371345982,1,1,,"{""prediction"": 1}"
336,336,355,1772371345135,1,1,,"{""prediction"": 1}"
339,339,358,1772371347622,1,1,,"{""prediction"": 1}"
338,338,357,1772371346747,1,1,,"{""prediction"": 1}"
340,340,359,1772371348311,0,1,,"{""prediction"": 1}"
343,343,362,1772371350694,1,0,,"{""prediction"": 0}"
341,341,360,1772371349155,0,0,,"{""prediction"": 0}"
342,342,361,1772371349918,0,1,,"{""prediction"": 1}"
344,344,363,1772371351415,1,0,,"{""prediction"": 0}"
346,346,365,1772371352984,0,0,,"{""prediction"": 0}"
345,345,364,1772371352263,0,1,,"{""prediction"": 1}"
347,347,366,1772371353654,0,0,,"{""prediction"": 0}"
348,348,367,1772371354482,1,0,,"{""prediction"": 0}"
350,350,369,1772371356130,0,1,,"{""prediction"": 1}"
349,349,368,1772371355291,1,1,,"{""prediction"": 1}"
351,351,370,1772371356958,0,1,,"{""prediction"": 1}"
353,353,372,1772371358417,0,0,,"{""prediction"": 0}"
354,354,373,1772371359143,0,0,,"{""prediction"": 0}"
352,352,371,1772371357722,0,1,,"{""prediction"": 1}"
355,355,374,1772371359971,0,0,,"{""prediction"": 0}"
356,356,375,1772371360818,0,0,,"{""prediction"": 0}"
359,359,378,1772371363324,0,0,,"{""prediction"": 0}"
360,360,379,1772371364142,0,0,,"{""prediction"": 0}"
358,358,377,1772371362482,0,0,,"{""prediction"": 0}"
357,357,376,1772371361650,0,0,,"{""prediction"": 0}"
361,361,380,1772371364978,1,0,,"{""prediction"": 0}"
362,362,381,1772371365858,1,1,,"{""prediction"": 1}"
363,363,382,1772371366759,0,1,,"{""prediction"": 1}"
365,365,384,1772371368554,0,0,,"{""prediction"": 0}"
364,364,383,1772371367657,0,0,,"{""prediction"": 0}"
366,366,385,1772371369458,0,0,,"{""prediction"": 0}"
367,367,386,1772371370447,0,0,,"{""prediction"": 0}"
368,368,387,1772371371349,0,0,,"{""prediction"": 0}"
371,371,390,1772371373888,0,0,,"{""prediction"": 0}"
372,372,391,1772371374803,0,0,,"{""prediction"": 0}"
369,369,388,1772371372271,0,0,,"{""prediction"": 0}"
370,370,389,1772371373073,0,0,,"{""prediction"": 0}"
373,373,392,1772371375628,0,1,,"{""prediction"": 1}"
375,375,394,1772371377210,0,0,,"{""prediction"": 0}"
374,374,393,1772371376494,0,0,,"{""prediction"": 0}"
377,377,396,1772371378914,0,0,,"{""prediction"": 0}"
376,376,395,1772371377982,0,0,,"{""prediction"": 0}"
378,378,397,1772371379718,0,0,,"{""prediction"": 0}"
380,380,399,1772371381261,0,0,,"{""prediction"": 0}"
379,379,398,1772371380530,0,0,,"{""prediction"": 0}"
382,382,401,1772371382877,0,0,,"{""prediction"": 0}"
384,384,403,1772371384502,0,0,,"{""prediction"": 0}"
383,383,402,1772371383642,0,0,,"{""prediction"": 0}"
381,381,400,1772371382113,0,0,,"{""prediction"": 0}"
385,385,404,1772371385281,0,0,,"{""prediction"": 0}"
386,386,405,1772371386071,0,0,,"{""prediction"": 0}"
388,388,407,1772371387783,0,0,,"{""prediction"": 0}"
387,387,406,1772371386964,0,0,,"{""prediction"": 0}"
389,389,408,1772371388631,0,0,,"{""prediction"": 0}"
392,392,411,1772371391048,0,0,,"{""prediction"": 0}"
390,390,409,1772371389439,0,0,,"{""prediction"": 0}"
391,391,410,1772371390238,0,0,,"{""prediction"": 0}"
393,393,412,1772371391951,0,0,,"{""prediction"": 0}"
394,394,413,1772371392779,0,0,,"{""prediction"": 0}"
397,397,416,1772371395295,0,0,,"{""prediction"": 0}"
396,396,415,1772371394443,0,0,,"{""prediction"": 0}"
395,395,414,1772371393602,0,0,,"{""prediction"": 0}"
398,398,417,1772371396165,0,0,,"{""prediction"": 0}"
399,399,418,1772371396970,0,0,,"{""prediction"": 0}"
400,400,419,1772371397796,0,0,,"{""prediction"": 0}"
401,401,420,1772371398571,0,1,,"{""prediction"": 1}"
403,403,422,1772371400325,0,0,,"{""prediction"": 0}"
402,402,421,1772371399438,0,0,,"{""prediction"": 0}"
404,404,423,1772371401187,0,0,,"{""prediction"": 0}"
405,405,424,1772371402006,0,0,,"{""prediction"": 0}"
407,407,426,1772371403648,0,0,,"{""prediction"": 0}"
406,406,425,1772371402837,0,0,,"{""prediction"": 0}"
410,410,429,1772371406212,0,0,,"{""prediction"": 0}"
408,408,427,1772371404491,0,0,,"{""prediction"": 0}"
409,409,428,1772371405304,0,0,,"{""prediction"": 0}"
412,412,431,1772371407800,0,0,,"{""prediction"": 0}"
411,411,430,1772371406953,0,0,,"{""prediction"": 0}"
414,414,433,1772371409525,0,0,,"{""prediction"": 0}"
413,413,432,1772371408651,0,0,,"{""prediction"": 0}"
415,415,434,1772371410372,0,0,,"{""prediction"": 0}"
416,416,435,1772371411215,0,0,,"{""prediction"": 0}"
419,419,438,1772371413636,0,0,,"{""prediction"": 0}"
417,417,436,1772371411992,0,0,,"{""prediction"": 0}"
418,418,437,1772371412794,0,0,,"{""prediction"": 0}"
420,420,439,1772371414529,0,0,,"{""prediction"": 0}"
421,421,440,1772371415390,0,0,,"{""prediction"": 0}"
423,423,442,1772371416998,0,0,,"{""prediction"": 0}"
422,422,441,1772371416189,0,0,,"{""prediction"": 0}"
425,425,444,1772371418684,0,0,,"{""prediction"": 0}"
427,427,446,1772371420355,0,0,,"{""prediction"": 0}"
424,424,443,1772371417876,0,0,,"{""prediction"": 0}"
426,426,445,1772371419561,0,0,,"{""prediction"": 0}"
430,430,449,1772371422859,0,0,,"{""prediction"": 0}"
428,428,447,1772371421168,0,0,,"{""prediction"": 0}"
429,429,448,1772371421990,0,0,,"{""prediction"": 0}"
431,431,450,1772371423761,0,0,,"{""prediction"": 0}"
432,432,451,1772371424688,0,0,,"{""prediction"": 0}"
434,434,453,1772371426334,0,0,,"{""prediction"": 0}"
433,433,452,1772371425504,0,0,,"{""prediction"": 0}"
437,437,456,1772371428979,0,0,,"{""prediction"": 0}"
435,435,454,1772371427165,0,0,,"{""prediction"": 0}"
436,436,455,1772371428028,0,0,,"{""prediction"": 0}"
439,439,458,1772371430661,0,0,,"{""prediction"": 0}"
438,438,457,1772371429821,0,0,,"{""prediction"": 0}"
440,440,459,1772371431525,0,0,,"{""prediction"": 0}"
441,441,460,1772371432389,0,0,,"{""prediction"": 0}"
442,442,461,1772371433325,0,0,,"{""prediction"": 0}"
443,443,462,1772371434027,0,0,,"{""prediction"": 0}"
444,444,463,1772371434793,0,0,,"{""prediction"": 0}"
446,446,465,1772371436483,0,0,,"{""prediction"": 0}"
445,445,464,1772371435632,0,0,,"{""prediction"": 0}"
447,447,466,1772371437320,0,0,,"{""prediction"": 0}"
448,448,467,1772371438173,0,0,,"{""prediction"": 0}"
450,450,469,1772371439902,0,0,,"{""prediction"": 0}"
449,449,468,1772371439019,0,0,,"{""prediction"": 0}"
451,451,470,1772371440816,0,0,,"{""prediction"": 0}"
453,453,472,1772371442524,0,0,,"{""prediction"": 0}"
455,455,474,1772371444351,0,0,,"{""prediction"": 0}"
454,454,473,1772371443354,0,0,,"{""prediction"": 0}"
452,452,471,1772371441671,0,0,,"{""prediction"": 0}"
457,457,476,1772371446222,0,0,,"{""prediction"": 0}"
456,456,475,1772371445291,0,0,,"{""prediction"": 0}"
458,458,477,1772371447127,0,0,,"{""prediction"": 0}"
459,459,478,1772371448071,0,0,,"{""prediction"": 0}"
461,461,480,1772371449672,0,0,,"{""prediction"": 0}"
462,462,481,1772371450502,0,0,,"{""prediction"": 0}"
463,463,482,1772371451318,1,0,,"{""prediction"": 0}"
460,460,479,1772371448895,0,1,,"{""prediction"": 1}"
464,464,483,1772371452128,0,1,,"{""prediction"": 1}"
466,466,485,1772371453870,0,0,,"{""prediction"": 0}"
465,465,484,1772371452983,0,0,,"{""prediction"": 0}"
468,468,487,1772371455550,0,0,,"{""prediction"": 0}"
467,467,486,1772371454698,0,0,,"{""prediction"": 0}"
469,469,488,1772371456445,0,0,,"{""prediction"": 0}"
470,470,489,1772371457326,0,0,,"{""prediction"": 0}"
473,473,492,1772371459878,0,0,,"{""prediction"": 0}"
472,472,491,1772371459071,0,0,,"{""prediction"": 0}"
471,471,490,1772371458215,0,0,,"{""prediction"": 0}"
474,474,493,1772371460651,0,0,,"{""prediction"": 0}"
475,475,494,1772371461474,0,0,,"{""prediction"": 0}"
478,478,497,1772371463959,0,0,,"{""prediction"": 0}"
476,476,495,1772371462332,0,0,,"{""prediction"": 0}"
477,477,496,1772371463123,0,0,,"{""prediction"": 0}"
479,479,498,1772371464785,0,0,,"{""prediction"": 0}"
482,482,501,1772371467128,0,0,,"{""prediction"": 0}"
481,481,500,1772371466299,0,0,,"{""prediction"": 0}"
480,480,499,1772371465528,0,0,,"{""prediction"": 0}"
483,483,502,1772371467969,0,0,,"{""prediction"": 0}"
485,485,504,1772371469541,0,0,,"{""prediction"": 0}"
484,484,503,1772371468812,0,0,,"{""prediction"": 0}"
487,487,506,1772371471127,0,0,,"{""prediction"": 0}"
486,486,505,1772371470318,0,0,,"{""prediction"": 0}"
488,488,507,1772371471951,0,0,,"{""prediction"": 0}"
489,489,508,1772371472793,0,0,,"{""prediction"": 0}"
490,490,509,1772371473516,1,0,,"{""prediction"": 0}"
491,491,510,1772371474301,0,1,,"{""prediction"": 1}"
492,492,511,1772371475161,0,0,,"{""prediction"": 0}"
493,493,512,1772371475998,0,0,,"{""prediction"": 0}"
495,495,514,1772371477674,0,0,,"{""prediction"": 0}"
494,494,513,1772371476869,0,0,,"{""prediction"": 0}"
497,497,516,1772371479411,0,0,,"{""prediction"": 0}"
496,496,515,1772371478494,0,0,,"{""prediction"": 0}"
498,498,517,1772371480308,0,0,,"{""prediction"": 0}"
499,499,518,1772371481202,0,0,,"{""prediction"": 0}"
500,500,519,1772371482044,0,0,,"{""prediction"": 0}"
501,501,520,1772371482901,0,0,,"{""prediction"": 0}"
503,503,522,1772371484620,0,0,,"{""prediction"": 0}"
504,504,523,1772371485486,0,0,,"{""prediction"": 0}"
505,505,524,1772371486415,0,0,,"{""prediction"": 0}"
502,502,521,1772371483733,0,0,,"{""prediction"": 0}"
506,506,525,1772371487280,0,0,,"{""prediction"": 0}"
508,508,527,1772371488975,0,0,,"{""prediction"": 0}"
507,507,526,1772371488145,0,0,,"{""prediction"": 0}"
510,510,529,1772371490678,0,0,,"{""prediction"": 0}"
509,509,528,1772371489807,0,0,,"{""prediction"": 0}"
511,511,530,1772371491512,0,0,,"{""prediction"": 0}"
512,512,531,1772371492307,0,0,,"{""prediction"": 0}"
514,514,533,1772371494024,0,0,,"{""prediction"": 0}"
513,513,532,1772371493150,0,0,,"{""prediction"": 0}"
515,515,534,1772371494916,0,0,,"{""prediction"": 0}"
518,518,537,1772371497346,0,0,,"{""prediction"": 0}"
516,516,535,1772371495781,0,0,,"{""prediction"": 0}"
517,517,536,1772371496586,0,0,,"{""prediction"": 0}"
519,519,538,1772371498224,0,0,,"{""prediction"": 0}"
520,520,539,1772371499118,0,0,,"{""prediction"": 0}"
521,521,540,1772371499984,0,0,,"{""prediction"": 0}"
523,523,542,1772371501656,0,0,,"{""prediction"": 0}"
522,522,541,1772371500829,0,0,,"{""prediction"": 0}"
525,525,544,1772371503288,0,0,,"{""prediction"": 0}"
527,527,546,1772371505046,0,0,,"{""prediction"": 0}"
524,524,543,1772371502471,0,0,,"{""prediction"": 0}"
528,528,547,1772371505957,0,0,,"{""prediction"": 0}"
526,526,545,1772371504144,0,0,,"{""prediction"": 0}"
529,529,548,1772371506737,0,0,,"{""prediction"": 0}"
530,530,549,1772371507544,0,0,,"{""prediction"": 0}"
531,531,550,1772371508386,0,0,,"{""prediction"": 0}"
533,533,552,1772371509948,0,0,,"{""prediction"": 0}"
534,534,553,1772371510780,0,0,,"{""prediction"": 0}"
535,535,554,1772371511582,0,0,,"{""prediction"": 0}"
536,536,555,1772371512367,0,0,,"{""prediction"": 0}"
537,537,556,1772371513198,0,0,,"{""prediction"": 0}"
538,538,557,1772371514024,0,0,,"{""prediction"": 0}"
532,532,551,1772371509280,0,0,,"{""prediction"": 0}"
540,540,559,1772371515702,0,0,,"{""prediction"": 0}"
541,541,560,1772371516522,0,0,,"{""prediction"": 0}"
542,542,561,1772371517390,0,0,,"{""prediction"": 0}"
539,539,558,1772371514874,0,0,,"{""prediction"": 0}"
543,543,562,1772371518236,0,0,,"{""prediction"": 0}"
544,544,563,1772371519088,0,0,,"{""prediction"": 0}"
545,545,564,1772371519957,0,0,,"{""prediction"": 0}"
547,547,566,1772371521457,0,0,,"{""prediction"": 0}"
548,548,567,1772371522281,0,0,,"{""prediction"": 0}"
546,546,565,1772371520636,0,0,,"{""prediction"": 0}"
549,549,568,1772371523029,0,0,,"{""prediction"": 0}"
550,550,569,1772371523845,0,0,,"{""prediction"": 0}"
552,552,571,1772371525533,0,0,,"{""prediction"": 0}"
553,553,572,1772371526381,0,0,,"{""prediction"": 0}"
551,551,570,1772371524698,0,0,,"{""prediction"": 0}"
556,556,575,1772371528975,0,0,,"{""prediction"": 0}"
555,555,574,1772371528100,0,0,,"{""prediction"": 0}"
554,554,573,1772371527252,0,0,,"{""prediction"": 0}"
557,557,576,1772371529848,0,0,,"{""prediction"": 0}"
558,558,577,1772371530667,0,0,,"{""prediction"": 0}"
559,559,578,1772371531473,0,0,,"{""prediction"": 0}"
560,560,579,1772371532332,0,0,,"{""prediction"": 0}"
563,563,582,1772371535006,0,0,,"{""prediction"": 0}"
561,561,580,1772371533202,0,0,,"{""prediction"": 0}"
562,562,581,1772371534131,0,0,,"{""prediction"": 0}"
564,564,583,1772371535835,0,0,,"{""prediction"": 0}"
565,565,584,1772371536659,0,0,,"{""prediction"": 0}"
568,568,587,1772371538825,0,0,,"{""prediction"": 0}"
566,566,585,1772371537397,0,0,,"{""prediction"": 0}"
567,567,586,1772371538080,0,0,,"{""prediction"": 0}"
569,569,588,1772371539566,0,0,,"{""prediction"": 0}"
570,570,589,1772371540301,0,0,,"{""prediction"": 0}"
572,572,591,1772371541800,0,0,,"{""prediction"": 0}"
571,571,590,1772371541071,0,0,,"{""prediction"": 0}"
573,573,592,1772371542537,0,0,,"{""prediction"": 0}"
575,575,594,1772371544103,0,0,,"{""prediction"": 0}"
574,574,593,1772371543320,0,0,,"{""prediction"": 0}"
576,576,595,1772371544961,0,0,,"{""prediction"": 0}"
577,577,596,1772371545802,0,0,,"{""prediction"": 0}"
578,578,597,1772371546724,0,0,,"{""prediction"": 0}"
581,581,600,1772371549277,0,0,,"{""prediction"": 0}"
579,579,598,1772371547499,0,0,,"{""prediction"": 0}"
580,580,599,1772371548358,0,0,,"{""prediction"": 0}"
583,583,602,1772371550982,0,0,,"{""prediction"": 0}"
582,582,601,1772371550109,0,0,,"{""prediction"": 0}"
584,584,603,1772371551849,0,0,,"{""prediction"": 0}"
587,587,606,1772371554417,0,0,,"{""prediction"": 0}"
585,585,604,1772371552780,0,0,,"{""prediction"": 0}"
589,589,608,1772371556050,0,0,,"{""prediction"": 0}"
588,588,607,1772371555191,0,0,,"{""prediction"": 0}"
590,590,609,1772371556843,0,0,,"{""prediction"": 0}"
586,586,605,1772371553634,0,0,,"{""prediction"": 0}"
592,592,611,1772371558400,0,0,,"{""prediction"": 0}"
593,593,612,1772371559293,0,0,,"{""prediction"": 0}"
591,591,610,1772371557692,0,0,,"{""prediction"": 0}"
594,594,613,1772371560109,0,0,,"{""prediction"": 0}"
596,596,615,1772371561743,0,0,,"{""prediction"": 0}"
595,595,614,1772371560988,0,0,,"{""prediction"": 0}"
597,597,616,1772371562628,0,0,,"{""prediction"": 0}"
598,598,617,1772371563547,0,0,,"{""prediction"": 0}"
599,599,618,1772371564489,0,0,,"{""prediction"": 0}"
601,601,620,1772371565991,0,0,,"{""prediction"": 0}"
600,600,619,1772371565234,0,0,,"{""prediction"": 0}"
602,602,621,1772371566849,0,0,,"{""prediction"": 0}"
603,603,622,1772371567700,0,0,,"{""prediction"": 0}"
604,604,623,1772371568536,0,0,,"{""prediction"": 0}"
605,605,624,1772371569342,0,0,,"{""prediction"": 0}"
606,606,625,1772371570118,0,0,,"{""prediction"": 0}"
609,609,628,1772371572685,0,0,,"{""prediction"": 0}"
608,608,627,1772371571789,0,0,,"{""prediction"": 0}"
607,607,626,1772371570956,0,0,,"{""prediction"": 0}"
610,610,629,1772371573505,0,0,,"{""prediction"": 0}"
612,612,631,1772371575122,0,0,,"{""prediction"": 0}"
613,613,632,1772371575932,0,0,,"{""prediction"": 0}"
611,611,630,1772371574331,0,0,,"{""prediction"": 0}"
615,615,634,1772371577717,0,0,,"{""prediction"": 0}"
614,614,633,1772371576816,0,0,,"{""prediction"": 0}"
618,618,637,1772371580252,0,0,,"{""prediction"": 0}"
617,617,636,1772371579367,0,0,,"{""prediction"": 0}"
619,619,638,1772371581140,0,0,,"{""prediction"": 0}"
616,616,635,1772371578562,0,0,,"{""prediction"": 0}"
620,620,639,1772371581970,0,0,,"{""prediction"": 0}"
621,621,640,1772371582780,0,0,,"{""prediction"": 0}"
623,623,642,1772371584460,0,0,,"{""prediction"": 0}"
622,622,641,1772371583611,0,0,,"{""prediction"": 0}"
624,624,643,1772371585342,0,0,,"{""prediction"": 0}"
625,625,644,1772371586262,0,0,,"{""prediction"": 0}"
626,626,645,1772371587081,0,0,,"{""prediction"": 0}"
628,628,647,1772371588676,0,0,,"{""prediction"": 0}"
627,627,646,1772371587861,0,0,,"{""prediction"": 0}"
629,629,648,1772371589571,0,0,,"{""prediction"": 0}"
630,630,649,1772371590469,0,0,,"{""prediction"": 0}"
631,631,650,1772371591393,0,0,,"{""prediction"": 0}"
632,632,651,1772371592259,0,0,,"{""prediction"": 0}"
633,633,652,1772371593109,0,0,,"{""prediction"": 0}"
634,634,653,1772371593926,0,0,,"{""prediction"": 0}"
635,635,654,1772371594805,0,0,,"{""prediction"": 0}"
636,636,655,1772371595693,0,0,,"{""prediction"": 0}"
638,638,657,1772371597386,0,0,,"{""prediction"": 0}"
637,637,656,1772371596539,0,0,,"{""prediction"": 0}"
640,640,659,1772371599004,0,0,,"{""prediction"": 0}"
639,639,658,1772371598191,0,0,,"{""prediction"": 0}"
641,641,660,1772371599864,0,0,,"{""prediction"": 0}"
642,642,661,1772371600737,0,0,,"{""prediction"": 0}"
644,644,663,1772371602427,0,0,,"{""prediction"": 0}"
643,643,662,1772371601595,0,0,,"{""prediction"": 0}"
645,645,664,1772371603265,0,0,,"{""prediction"": 0}"
646,646,665,1772371604122,0,0,,"{""prediction"": 0}"
647,647,666,1772371605024,0,0,,"{""prediction"": 0}"
648,648,667,1772371605849,0,0,,"{""prediction"": 0}"
650,650,669,1772371607569,0,0,,"{""prediction"": 0}"
651,651,670,1772371608450,0,0,,"{""prediction"": 0}"
649,649,668,1772371606721,0,0,,"{""prediction"": 0}"
652,652,671,1772371609297,0,0,,"{""prediction"": 0}"
654,654,673,1772371610969,0,0,,"{""prediction"": 0}"
653,653,672,1772371610127,0,0,,"{""prediction"": 0}"
655,655,674,1772371611813,0,0,,"{""prediction"": 0}"
657,657,676,1772371613544,0,0,,"{""prediction"": 0}"
656,656,675,1772371612685,0,0,,"{""prediction"": 0}"
658,658,677,1772371614389,0,0,,"{""prediction"": 0}"
659,659,678,1772371615094,0,0,,"{""prediction"": 0}"
660,660,679,1772371615875,0,0,,"{""prediction"": 0}"
662,662,681,1772371617564,0,0,,"{""prediction"": 0}"
661,661,680,1772371616731,0,0,,"{""prediction"": 0}"
663,663,682,1772371618489,0,0,,"{""prediction"": 0}"
664,664,683,1772371619473,0,0,,"{""prediction"": 0}"
667,667,686,1772371621890,0,0,,"{""prediction"": 0}"
666,666,685,1772371621082,0,0,,"{""prediction"": 0}"
665,665,684,1772371620280,0,0,,"{""prediction"": 0}"
668,668,687,1772371622791,0,0,,"{""prediction"": 0}"
670,670,689,1772371624523,0,0,,"{""prediction"": 0}"
669,669,688,1772371623650,0,0,,"{""prediction"": 0}"
671,671,690,1772371625358,0,0,,"{""prediction"": 0}"
672,672,691,1772371626207,0,0,,"{""prediction"": 0}"
673,673,692,1772371627060,0,0,,"{""prediction"": 0}"
674,674,693,1772371627957,0,0,,"{""prediction"": 0}"
675,675,694,1772371628808,0,0,,"{""prediction"": 0}"
678,678,697,1772371631355,0,1,,"{""prediction"": 1}"
676,676,695,1772371629685,1,0,,"{""prediction"": 0}"
677,677,696,1772371630550,1,1,,"{""prediction"": 1}"
679,679,698,1772371632168,0,1,,"{""prediction"": 1}"
682,682,701,1772371634440,1,0,,"{""prediction"": 0}"
680,680,699,1772371632879,0,0,,"{""prediction"": 0}"
681,681,700,1772371633716,0,0,,"{""prediction"": 0}"
683,683,702,1772371635206,1,1,,"{""prediction"": 1}"
685,685,704,1772371636700,1,1,,"{""prediction"": 1}"
684,684,703,1772371635954,1,1,,"{""prediction"": 1}"
686,686,705,1772371637504,1,1,,"{""prediction"": 1}"
689,689,708,1772371639841,1,0,,"{""prediction"": 0}"
687,687,706,1772371638310,0,1,,"{""prediction"": 1}"
688,688,707,1772371639096,0,0,,"{""prediction"": 0}"
690,690,709,1772371640573,1,1,,"{""prediction"": 1}"
691,691,710,1772371641449,1,1,,"{""prediction"": 1}"
693,693,712,1772371642995,0,0,,"{""prediction"": 0}"
692,692,711,1772371642285,0,1,,"{""prediction"": 1}"
694,694,713,1772371643637,0,0,,"{""prediction"": 0}"
696,696,715,1772371645000,0,0,,"{""prediction"": 0}"
695,695,714,1772371644294,0,0,,"{""prediction"": 0}"
698,698,717,1772371646662,0,0,,"{""prediction"": 0}"
697,697,716,1772371645805,0,0,,"{""prediction"": 0}"
700,700,719,1772371648291,0,0,,"{""prediction"": 0}"
699,699,718,1772371647512,0,0,,"{""prediction"": 0}"
702,702,721,1772371649728,0,0,,"{""prediction"": 0}"
701,701,720,1772371648942,0,0,,"{""prediction"": 0}"
703,703,722,1772371650481,0,0,,"{""prediction"": 0}"
705,705,724,1772371652060,0,0,,"{""prediction"": 0}"
707,707,726,1772371653511,0,0,,"{""prediction"": 0}"
704,704,723,1772371651310,0,1,,"{""prediction"": 1}"
706,706,725,1772371652777,0,1,,"{""prediction"": 1}"
708,708,727,1772371654241,0,0,,"{""prediction"": 0}"
709,709,728,1772371654950,0,0,,"{""prediction"": 0}"
712,712,731,1772371657170,0,0,,"{""prediction"": 0}"
710,710,729,1772371655640,0,0,,"{""prediction"": 0}"
711,711,730,1772371656448,0,0,,"{""prediction"": 0}"
713,713,732,1772371657910,0,1,,"{""prediction"": 1}"
714,714,733,1772371658737,0,0,,"{""prediction"": 0}"
715,715,734,1772371659526,0,0,,"{""prediction"": 0}"
716,716,735,1772371660321,0,0,,"{""prediction"": 0}"
717,717,736,1772371661103,1,0,,"{""prediction"": 0}"
720,720,739,1772371663637,0,0,,"{""prediction"": 0}"
718,718,737,1772371661946,0,1,,"{""prediction"": 1}"
719,719,738,1772371662736,0,1,,"{""prediction"": 1}"
721,721,740,1772371664390,0,0,,"{""prediction"": 0}"
723,723,742,1772371666126,0,0,,"{""prediction"": 0}"
724,724,743,1772371666886,0,0,,"{""prediction"": 0}"
722,722,741,1772371665266,0,0,,"{""prediction"": 0}"
725,725,744,1772371667759,0,0,,"{""prediction"": 0}"
727,727,746,1772371669364,0,0,,"{""prediction"": 0}"
726,726,745,1772371668555,0,0,,"{""prediction"": 0}"
728,728,747,1772371670213,0,0,,"{""prediction"": 0}"
729,729,748,1772371671061,0,0,,"{""prediction"": 0}"
731,731,750,1772371672722,0,0,,"{""prediction"": 0}"
730,730,749,1772371671899,0,0,,"{""prediction"": 0}"
732,732,751,1772371673505,0,0,,"{""prediction"": 0}"
733,733,752,1772371674318,0,0,,"{""prediction"": 0}"
734,734,753,1772371675163,0,0,,"{""prediction"": 0}"
735,735,754,1772371676051,0,0,,"{""prediction"": 0}"
736,736,755,1772371676872,0,0,,"{""prediction"": 0}"
737,737,756,1772371677685,0,0,,"{""prediction"": 0}"
740,740,759,1772371680178,0,0,,"{""prediction"": 0}"
739,739,758,1772371679370,0,0,,"{""prediction"": 0}"
738,738,757,1772371678529,0,0,,"{""prediction"": 0}"
741,741,760,1772371681024,0,0,,"{""prediction"": 0}"
742,742,761,1772371681753,0,0,,"{""prediction"": 0}"
743,743,762,1772371682568,0,0,,"{""prediction"": 0}"
744,744,763,1772371683298,0,0,,"{""prediction"": 0}"
745,745,764,1772371684082,0,0,,"{""prediction"": 0}"
747,747,766,1772371685667,0,0,,"{""prediction"": 0}"
748,748,767,1772371686505,0,0,,"{""prediction"": 0}"
746,746,765,1772371684836,0,0,,"{""prediction"": 0}"
749,749,768,1772371687308,0,0,,"{""prediction"": 0}"
750,750,769,1772371688154,0,0,,"{""prediction"": 0}"
751,751,770,1772371688991,0,0,,"{""prediction"": 0}"
752,752,771,1772371689870,0,0,,"{""prediction"": 0}"
753,753,772,1772371690696,0,0,,"{""prediction"": 0}"
755,755,774,1772371692362,0,0,,"{""prediction"": 0}"
754,754,773,1772371691509,0,0,,"{""prediction"": 0}"
756,756,775,1772371693194,0,0,,"{""prediction"": 0}"
757,757,776,1772371694055,0,0,,"{""prediction"": 0}"
758,758,777,1772371694931,0,0,,"{""prediction"": 0}"
759,759,778,1772371695756,0,0,,"{""prediction"": 0}"
761,761,780,1772371697471,0,0,,"{""prediction"": 0}"
760,760,779,1772371696638,0,0,,"{""prediction"": 0}"
762,762,781,1772371698326,0,0,,"{""prediction"": 0}"
763,763,782,1772371699126,0,0,,"{""prediction"": 0}"
765,765,784,1772371700760,0,0,,"{""prediction"": 0}"
764,764,783,1772371699937,0,0,,"{""prediction"": 0}"
766,766,785,1772371701525,0,0,,"{""prediction"": 0}"
769,769,788,1772371703976,0,0,,"{""prediction"": 0}"
767,767,786,1772371702354,0,0,,"{""prediction"": 0}"
768,768,787,1772371703130,0,0,,"{""prediction"": 0}"
772,772,791,1772371706434,0,0,,"{""prediction"": 0}"
771,771,790,1772371705585,0,0,,"{""prediction"": 0}"
770,770,789,1772371704754,0,0,,"{""prediction"": 0}"
773,773,792,1772371707290,1,0,,"{""prediction"": 0}"
774,774,793,1772371708095,1,0,,"{""prediction"": 0}"
776,776,795,1772371709513,0,1,,"{""prediction"": 1}"
777,777,796,1772371710271,0,1,,"{""prediction"": 1}"
775,775,794,1772371708845,1,1,,"{""prediction"": 1}"
778,778,797,1772371710960,0,0,,"{""prediction"": 0}"
779,779,798,1772371711710,0,0,,"{""prediction"": 0}"
780,780,799,1772371712550,0,0,,"{""prediction"": 0}"
781,781,800,1772371713324,0,0,,"{""prediction"": 0}"
783,783,802,1772371714847,0,0,,"{""prediction"": 0}"
782,782,801,1772371714083,0,0,,"{""prediction"": 0}"
784,784,803,1772371715697,0,0,,"{""prediction"": 0}"
785,785,804,1772371716510,0,0,,"{""prediction"": 0}"
787,787,806,1772371718250,0,0,,"{""prediction"": 0}"
788,788,807,1772371719034,0,0,,"{""prediction"": 0}"
786,786,805,1772371717358,0,0,,"{""prediction"": 0}"
789,789,808,1772371719816,0,0,,"{""prediction"": 0}"
790,790,809,1772371720650,1,0,,"{""prediction"": 0}"
791,791,810,1772371721500,1,0,,"{""prediction"": 0}"
793,793,812,1772371723203,1,1,,"{""prediction"": 1}"
795,795,814,1772371724729,0,1,,"{""prediction"": 1}"
792,792,811,1772371722357,1,1,,"{""prediction"": 1}"
796,796,815,1772371725522,0,0,,"{""prediction"": 0}"
797,797,816,1772371726201,0,0,,"{""prediction"": 0}"
794,794,813,1772371724070,1,0,,"{""prediction"": 0}"
799,799,818,1772371727721,1,0,,"{""prediction"": 0}"
798,798,817,1772371726965,0,0,,"{""prediction"": 0}"
800,800,819,1772371728500,1,0,,"{""prediction"": 0}"
801,801,820,1772371729282,0,1,,"{""prediction"": 1}"
803,803,822,1772371730797,0,0,,"{""prediction"": 0}"
804,804,823,1772371731564,0,0,,"{""prediction"": 0}"
805,805,824,1772371732311,0,0,,"{""prediction"": 0}"
802,802,821,1772371730161,0,0,,"{""prediction"": 0}"
809,809,828,1772371735164,0,0,,"{""prediction"": 0}"
808,808,827,1772371734413,0,0,,"{""prediction"": 0}"
807,807,826,1772371733741,0,0,,"{""prediction"": 0}"
811,811,830,1772371736765,0,0,,"{""prediction"": 0}"
806,806,825,1772371733089,0,1,,"{""prediction"": 1}"
810,810,829,1772371735957,0,0,,"{""prediction"": 0}"
812,812,831,1772371737563,0,0,,"{""prediction"": 0}"
813,813,832,1772371738442,1,0,,"{""prediction"": 0}"
814,814,833,1772371739180,0,0,,"{""prediction"": 0}"
816,816,835,1772371740901,0,0,,"{""prediction"": 0}"
815,815,834,1772371740106,0,1,,"{""prediction"": 1}"
817,817,836,1772371741649,0,0,,"{""prediction"": 0}"
818,818,837,1772371742385,1,0,,"{""prediction"": 0}"
820,820,839,1772371744122,1,1,,"{""prediction"": 1}"
819,819,838,1772371743270,1,1,,"{""prediction"": 1}"
821,821,840,1772371745182,1,1,,"{""prediction"": 1}"
822,822,841,1772371745973,1,1,,"{""prediction"": 1}"
823,823,842,1772371746778,1,1,,"{""prediction"": 1}"
825,825,844,1772371748527,1,1,,"{""prediction"": 1}"
824,824,843,1772371747635,1,1,,"{""prediction"": 1}"
826,826,845,1772371749382,1,1,,"{""prediction"": 1}"
827,827,846,1772371750220,0,1,,"{""prediction"": 1}"
828,828,847,1772371751340,0,0,,"{""prediction"": 0}"
830,830,849,1772371752658,0,0,,"{""prediction"": 0}"
831,831,850,1772371753432,0,0,,"{""prediction"": 0}"
829,829,848,1772371751963,0,0,,"{""prediction"": 0}"
832,832,851,1772371754178,0,0,,"{""prediction"": 0}"
833,833,852,1772371754929,1,0,,"{""prediction"": 0}"
836,836,855,1772371757259,0,0,,"{""prediction"": 0}"
834,834,853,1772371755653,0,1,,"{""prediction"": 1}"
835,835,854,1772371756498,0,0,,"{""prediction"": 0}"
837,837,856,1772371757968,0,0,,"{""prediction"": 0}"
840,840,859,1772371760146,0,0,,"{""prediction"": 0}"
838,838,857,1772371758656,0,0,,"{""prediction"": 0}"
841,841,860,1772371760869,0,0,,"{""prediction"": 0}"
839,839,858,1772371759318,0,0,,"{""prediction"": 0}"
842,842,861,1772371761609,0,0,,"{""prediction"": 0}"
844,844,863,1772371763154,0,0,,"{""prediction"": 0}"
843,843,862,1772371762430,0,0,,"{""prediction"": 0}"
845,845,864,1772371763904,0,0,,"{""prediction"": 0}"
848,848,867,1772371766172,0,0,,"{""prediction"": 0}"
846,846,865,1772371764592,0,0,,"{""prediction"": 0}"
849,849,868,1772371766955,0,0,,"{""prediction"": 0}"
847,847,866,1772371765404,0,0,,"{""prediction"": 0}"
850,850,869,1772371767795,0,0,,"{""prediction"": 0}"
851,851,870,1772371768650,0,0,,"{""prediction"": 0}"
852,852,871,1772371769526,0,0,,"{""prediction"": 0}"
853,853,872,1772371770406,0,0,,"{""prediction"": 0}"
855,855,874,1772371772064,0,0,,"{""prediction"": 0}"
856,856,875,1772371772950,0,0,,"{""prediction"": 0}"
854,854,873,1772371771242,0,0,,"{""prediction"": 0}"
858,858,877,1772371774617,0,0,,"{""prediction"": 0}"
857,857,876,1772371773805,0,0,,"{""prediction"": 0}"
859,859,878,1772371775387,0,0,,"{""prediction"": 0}"
860,860,879,1772371776188,0,0,,"{""prediction"": 0}"
862,862,881,1772371778044,0,0,,"{""prediction"": 0}"
861,861,880,1772371777090,0,0,,"{""prediction"": 0}"
863,863,882,1772371778933,0,0,,"{""prediction"": 0}"
864,864,883,1772371779870,0,0,,"{""prediction"": 0}"
866,866,885,1772371781530,0,0,,"{""prediction"": 0}"
867,867,886,1772371782377,0,0,,"{""prediction"": 0}"
865,865,884,1772371780701,0,0,,"{""prediction"": 0}"
868,868,887,1772371783281,0,0,,"{""prediction"": 0}"
872,872,891,1772371786791,0,0,,"{""prediction"": 0}"
871,871,890,1772371785966,0,0,,"{""prediction"": 0}"
870,870,889,1772371785036,0,0,,"{""prediction"": 0}"
869,869,888,1772371784181,0,0,,"{""prediction"": 0}"
873,873,892,1772371787658,0,0,,"{""prediction"": 0}"
874,874,893,1772371788532,0,0,,"{""prediction"": 0}"
876,876,895,1772371790340,0,0,,"{""prediction"": 0}"
875,875,894,1772371789410,0,0,,"{""prediction"": 0}"
878,878,897,1772371792065,0,0,,"{""prediction"": 0}"
877,877,896,1772371791202,0,0,,"{""prediction"": 0}"
879,879,898,1772371793006,0,0,,"{""prediction"": 0}"
881,881,900,1772371794753,0,0,,"{""prediction"": 0}"
882,882,901,1772371795608,0,0,,"{""prediction"": 0}"
880,880,899,1772371793900,0,0,,"{""prediction"": 0}"
884,884,903,1772371797284,0,0,,"{""prediction"": 0}"
883,883,902,1772371796526,0,0,,"{""prediction"": 0}"
886,886,905,1772371799017,0,0,,"{""prediction"": 0}"
885,885,904,1772371798190,0,0,,"{""prediction"": 0}"
887,887,906,1772371799880,0,0,,"{""prediction"": 0}"
888,888,907,1772371800736,0,0,,"{""prediction"": 0}"
889,889,908,1772371801466,0,0,,"{""prediction"": 0}"
890,890,909,1772371802260,0,0,,"{""prediction"": 0}"
891,891,910,1772371803173,0,0,,"{""prediction"": 0}"
894,894,913,1772371805779,0,0,,"{""prediction"": 0}"
892,892,911,1772371804039,0,0,,"{""prediction"": 0}"
895,895,914,1772371806676,0,0,,"{""prediction"": 0}"
893,893,912,1772371804934,0,0,,"{""prediction"": 0}"
897,897,916,1772371808344,0,0,,"{""prediction"": 0}"
898,898,917,1772371809149,0,0,,"{""prediction"": 0}"
896,896,915,1772371807562,0,0,,"{""prediction"": 0}"
900,900,919,1772371810738,0,0,,"{""prediction"": 0}"
899,899,918,1772371809985,0,0,,"{""prediction"": 0}"
902,902,921,1772371812491,0,0,,"{""prediction"": 0}"
901,901,920,1772371811590,0,0,,"{""prediction"": 0}"
904,904,923,1772371814239,0,0,,"{""prediction"": 0}"
903,903,922,1772371813362,0,0,,"{""prediction"": 0}"
905,905,924,1772371815130,0,0,,"{""prediction"": 0}"
906,906,925,1772371815916,0,0,,"{""prediction"": 0}"
908,908,927,1772371817488,0,0,,"{""prediction"": 0}"
907,907,926,1772371816733,0,1,,"{""prediction"": 1}"
909,909,928,1772371818267,0,0,,"{""prediction"": 0}"
912,912,931,1772371820628,0,0,,"{""prediction"": 0}"
910,910,929,1772371819061,0,0,,"{""prediction"": 0}"
911,911,930,1772371819888,0,0,,"{""prediction"": 0}"
913,913,932,1772371821393,0,0,,"{""prediction"": 0}"
914,914,933,1772371822190,0,0,,"{""prediction"": 0}"
915,915,934,1772371823124,0,0,,"{""prediction"": 0}"
916,916,935,1772371823861,0,0,,"{""prediction"": 0}"
918,918,937,1772371825335,0,0,,"{""prediction"": 0}"
917,917,936,1772371824583,0,0,,"{""prediction"": 0}"
920,920,939,1772371826801,0,0,,"{""prediction"": 0}"
921,921,940,1772371827518,0,0,,"{""prediction"": 0}"
919,919,938,1772371826159,0,0,,"{""prediction"": 0}"
922,922,941,1772371828253,0,0,,"{""prediction"": 0}"
923,923,942,1772371828974,0,0,,"{""prediction"": 0}"
925,925,944,1772371830433,0,0,,"{""prediction"": 0}"
924,924,943,1772371829703,0,0,,"{""prediction"": 0}"
926,926,945,1772371831186,0,0,,"{""prediction"": 0}"
928,928,947,1772371832714,0,0,,"{""prediction"": 0}"
927,927,946,1772371831958,0,0,,"{""prediction"": 0}"
929,929,948,1772371833453,0,0,,"{""prediction"": 0}"
931,931,950,1772371834941,0,0,,"{""prediction"": 0}"
930,930,949,1772371834189,0,0,,"{""prediction"": 0}"
932,932,951,1772371835705,0,0,,"{""prediction"": 0}"
934,934,953,1772371837325,0,0,,"{""prediction"": 0}"
933,933,952,1772371836513,0,1,,"{""prediction"": 1}"
936,936,955,1772371839034,0,0,,"{""prediction"": 0}"
935,935,954,1772371838148,0,0,,"{""prediction"": 0}"
937,937,956,1772371839916,0,0,,"{""prediction"": 0}"
938,938,957,1772371840798,0,0,,"{""prediction"": 0}"
940,940,959,1772371842460,0,0,,"{""prediction"": 0}"
939,939,958,1772371841614,0,0,,"{""prediction"": 0}"
941,941,960,1772371843305,0,0,,"{""prediction"": 0}"
943,943,962,1772371844816,0,0,,"{""prediction"": 0}"
944,944,963,1772371845567,0,0,,"{""prediction"": 0}"
942,942,961,1772371844042,0,0,,"{""prediction"": 0}"
945,945,964,1772371846311,0,0,,"{""prediction"": 0}"
947,947,966,1772371847773,0,0,,"{""prediction"": 0}"
946,946,965,1772371847013,0,0,,"{""prediction"": 0}"
948,948,967,1772371848567,0,0,,"{""prediction"": 0}"
949,949,968,1772371849451,0,0,,"{""prediction"": 0}"
950,950,969,1772371850338,0,0,,"{""prediction"": 0}"
951,951,970,1772371851187,0,0,,"{""prediction"": 0}"
952,952,971,1772371852051,0,0,,"{""prediction"": 0}"
954,954,973,1772371853786,0,0,,"{""prediction"": 0}"
955,955,974,1772371854629,0,0,,"{""prediction"": 0}"
953,953,972,1772371852922,0,0,,"{""prediction"": 0}"
956,956,975,1772371855451,0,0,,"{""prediction"": 0}"
957,957,976,1772371856315,0,0,,"{""prediction"": 0}"
958,958,977,1772371857164,0,0,,"{""prediction"": 0}"
962,962,981,1772371860638,0,0,,"{""prediction"": 0}"
959,959,978,1772371858007,0,0,,"{""prediction"": 0}"
961,961,980,1772371859712,0,0,,"{""prediction"": 0}"
960,960,979,1772371858853,0,0,,"{""prediction"": 0}"
964,964,983,1772371862421,0,0,,"{""prediction"": 0}"
963,963,982,1772371861569,0,0,,"{""prediction"": 0}"
966,966,985,1772371864182,0,0,,"{""prediction"": 0}"
965,965,984,1772371863306,0,0,,"{""prediction"": 0}"
967,967,986,1772371865043,0,0,,"{""prediction"": 0}"
968,968,987,1772371865954,0,0,,"{""prediction"": 0}"
971,971,990,1772371868517,0,0,,"{""prediction"": 0}"
970,970,989,1772371867703,0,0,,"{""prediction"": 0}"
969,969,988,1772371866841,0,0,,"{""prediction"": 0}"
972,972,991,1772371869395,0,0,,"{""prediction"": 0}"
974,974,993,1772371871135,0,0,,"{""prediction"": 0}"
975,975,994,1772371871989,0,0,,"{""prediction"": 0}"
973,973,992,1772371870272,0,0,,"{""prediction"": 0}"
976,976,995,1772371872839,0,0,,"{""prediction"": 0}"
977,977,996,1772371873683,0,0,,"{""prediction"": 0}"
979,979,998,1772371875373,0,0,,"{""prediction"": 0}"
978,978,997,1772371874501,0,0,,"{""prediction"": 0}"
980,980,999,1772371876228,0,0,,"{""prediction"": 0}"
983,983,1002,1772371878765,0,0,,"{""prediction"": 0}"
981,981,1000,1772371877058,0,0,,"{""prediction"": 0}"
982,982,1001,1772371877930,0,0,,"{""prediction"": 0}"
984,984,1003,1772371879648,0,0,,"{""prediction"": 0}"
987,987,1006,1772371882229,0,0,,"{""prediction"": 0}"
986,986,1005,1772371881367,0,0,,"{""prediction"": 0}"
985,985,1004,1772371880532,0,0,,"{""prediction"": 0}"
988,988,1007,1772371883080,0,0,,"{""prediction"": 0}"
990,990,1009,1772371884916,0,0,,"{""prediction"": 0}"
991,991,1010,1772371885873,0,0,,"{""prediction"": 0}"
989,989,1008,1772371883978,0,0,,"{""prediction"": 0}"
993,993,1012,1772371887598,0,0,,"{""prediction"": 0}"
992,992,1011,1772371886737,0,0,,"{""prediction"": 0}"
995,995,1014,1772371889365,0,0,,"{""prediction"": 0}"
994,994,1013,1772371888467,0,0,,"{""prediction"": 0}"
996,996,1015,1772371890264,0,0,,"{""prediction"": 0}"
998,998,1017,1772371891931,0,0,,"{""prediction"": 0}"
997,997,1016,1772371891105,0,0,,"{""prediction"": 0}"
999,999,1018,1772371892751,0,0,,"{""prediction"": 0}"
1000,1000,1019,1772371893553,0,0,,"{""prediction"": 0}"
1001,1001,1020,1772371894352,0,0,,"{""prediction"": 0}"
1002,1002,1021,1772371895191,0,0,,"{""prediction"": 0}"
1003,1003,1022,1772371896026,0,0,,"{""prediction"": 0}"
1006,1006,1025,1772371898593,0,0,,"{""prediction"": 0}"
1004,1004,1023,1772371896912,0,0,,"{""prediction"": 0}"
1005,1005,1024,1772371897736,0,0,,"{""prediction"": 0}"
1007,1007,1026,1772371899403,0,0,,"{""prediction"": 0}"
1009,1009,1028,1772371901095,0,0,,"{""prediction"": 0}"
1008,1008,1027,1772371900250,0,0,,"{""prediction"": 0}"
1010,1010,1029,1772371901936,0,0,,"{""prediction"": 0}"
1011,1011,1030,1772371902808,0,0,,"{""prediction"": 0}"
1014,1014,1033,1772371904911,0,0,,"{""prediction"": 0}"
1013,1013,1032,1772371904214,0,0,,"{""prediction"": 0}"
1012,1012,1031,1772371903537,0,0,,"{""prediction"": 0}"
1015,1015,1034,1772371905633,0,0,,"{""prediction"": 0}"
1017,1017,1036,1772371906955,0,0,,"{""prediction"": 0}"
1016,1016,1035,1772371906274,0,1,,"{""prediction"": 1}"
1019,1019,1038,1772371908373,0,0,,"{""prediction"": 0}"
1018,1018,1037,1772371907653,0,0,,"{""prediction"": 0}"
1022,1022,1041,1772371910742,0,1,,"{""prediction"": 1}"
1021,1021,1040,1772371909847,0,0,,"{""prediction"": 0}"
1020,1020,1039,1772371909077,0,0,,"{""prediction"": 0}"
1023,1023,1042,1772371911485,0,0,,"{""prediction"": 0}"
1024,1024,1043,1772371912194,0,0,,"{""prediction"": 0}"
1026,1026,1045,1772371913663,0,0,,"{""prediction"": 0}"
1025,1025,1044,1772371912934,0,0,,"{""prediction"": 0}"
1029,1029,1048,1772371915906,0,0,,"{""prediction"": 0}"
1027,1027,1046,1772371914429,0,0,,"{""prediction"": 0}"
1028,1028,1047,1772371915205,0,0,,"{""prediction"": 0}"
1030,1030,1049,1772371916622,0,0,,"{""prediction"": 0}"
1032,1032,1051,1772371918143,0,0,,"{""prediction"": 0}"
1034,1034,1053,1772371919683,0,0,,"{""prediction"": 0}"
1033,1033,1052,1772371918915,0,0,,"{""prediction"": 0}"
1031,1031,1050,1772371917399,0,0,,"{""prediction"": 0}"
1038,1038,1057,1772371922770,0,0,,"{""prediction"": 0}"
1037,1037,1056,1772371921989,0,0,,"{""prediction"": 0}"
1035,1035,1054,1772371920472,0,0,,"{""prediction"": 0}"
1036,1036,1055,1772371921289,0,0,,"{""prediction"": 0}"
1039,1039,1058,1772371923607,0,0,,"{""prediction"": 0}"
1041,1041,1060,1772371925333,0,0,,"{""prediction"": 0}"
1040,1040,1059,1772371924510,0,0,,"{""prediction"": 0}"
1043,1043,1062,1772371927017,0,0,,"{""prediction"": 0}"
1046,1046,1065,1772371929427,0,0,,"{""prediction"": 0}"
1044,1044,1063,1772371927870,0,0,,"{""prediction"": 0}"
1042,1042,1061,1772371926164,0,0,,"{""prediction"": 0}"
1045,1045,1064,1772371928646,0,0,,"{""prediction"": 0}"
1047,1047,1066,1772371930184,0,0,,"{""prediction"": 0}"
1049,1049,1068,1772371931763,0,0,,"{""prediction"": 0}"
1048,1048,1067,1772371931029,0,0,,"{""prediction"": 0}"
1051,1051,1070,1772371933296,0,0,,"{""prediction"": 0}"
1050,1050,1069,1772371932514,0,0,,"{""prediction"": 0}"
1052,1052,1071,1772371934029,0,0,,"{""prediction"": 0}"
1053,1053,1072,1772371934812,0,0,,"{""prediction"": 0}"
1054,1054,1073,1772371935504,0,0,,"{""prediction"": 0}"
1057,1057,1076,1772371937818,0,0,,"{""prediction"": 0}"
1056,1056,1075,1772371937096,0,0,,"{""prediction"": 0}"
1055,1055,1074,1772371936315,0,0,,"{""prediction"": 0}"
1059,1059,1078,1772371939359,0,0,,"{""prediction"": 0}"
1060,1060,1079,1772371940170,0,0,,"{""prediction"": 0}"
1061,1061,1080,1772371940990,0,0,,"{""prediction"": 0}"
1058,1058,1077,1772371938585,0,0,,"{""prediction"": 0}"
1063,1063,1082,1772371942660,0,0,,"{""prediction"": 0}"
1062,1062,1081,1772371941833,0,0,,"{""prediction"": 0}"
1064,1064,1083,1772371943577,0,0,,"{""prediction"": 0}"
1066,1066,1085,1772371945319,0,0,,"{""prediction"": 0}"
1068,1068,1087,1772371946884,0,0,,"{""prediction"": 0}"
1067,1067,1086,1772371946163,0,0,,"{""prediction"": 0}"
1065,1065,1084,1772371944452,0,0,,"{""prediction"": 0}"
1070,1070,1089,1772371948691,0,0,,"{""prediction"": 0}"
1069,1069,1088,1772371947773,0,0,,"{""prediction"": 0}"
1071,1071,1090,1772371949592,0,0,,"{""prediction"": 0}"
1072,1072,1091,1772371950470,0,0,,"{""prediction"": 0}"
1075,1075,1094,1772371952987,0,0,,"{""prediction"": 0}"
1074,1074,1093,1772371952102,0,0,,"{""prediction"": 0}"
1073,1073,1092,1772371951286,0,0,,"{""prediction"": 0}"
1076,1076,1095,1772371953828,0,0,,"{""prediction"": 0}"
1077,1077,1096,1772371954693,0,0,,"{""prediction"": 0}"
1078,1078,1097,1772371955556,0,0,,"{""prediction"": 0}"
1079,1079,1098,1772371956323,0,0,,"{""prediction"": 0}"
1080,1080,1099,1772371957141,0,0,,"{""prediction"": 0}"
1081,1081,1100,1772371957876,0,0,,"{""prediction"": 0}"
1083,1083,1102,1772371959265,0,0,,"{""prediction"": 0}"
1082,1082,1101,1772371958552,0,0,,"{""prediction"": 0}"
1084,1084,1103,1772371959930,0,0,,"{""prediction"": 0}"
1085,1085,1104,1772371960614,0,0,,"{""prediction"": 0}"
1088,1088,1107,1772371962662,0,0,,"{""prediction"": 0}"
1089,1089,1108,1772371963406,0,0,,"{""prediction"": 0}"
1087,1087,1106,1772371961944,0,0,,"{""prediction"": 0}"
1086,1086,1105,1772371961324,0,0,,"{""prediction"": 0}"
1092,1092,1111,1772371966013,0,0,,"{""prediction"": 0}"
1090,1090,1109,1772371964220,0,0,,"{""prediction"": 0}"
1091,1091,1110,1772371965117,0,0,,"{""prediction"": 0}"
1093,1093,1112,1772371966880,0,0,,"{""prediction"": 0}"
1094,1094,1113,1772371967689,0,0,,"{""prediction"": 0}"
1096,1096,1115,1772371969308,0,0,,"{""prediction"": 0}"
1095,1095,1114,1772371968486,0,0,,"{""prediction"": 0}"
1098,1098,1117,1772371971001,0,0,,"{""prediction"": 0}"
1097,1097,1116,1772371970131,0,0,,"{""prediction"": 0}"
1100,1100,1119,1772371972823,0,0,,"{""prediction"": 0}"
1099,1099,1118,1772371971934,0,0,,"{""prediction"": 0}"
1101,1101,1120,1772371973679,0,0,,"{""prediction"": 0}"
1102,1102,1121,1772371974523,0,0,,"{""prediction"": 0}"
1105,1105,1124,1772371977210,0,0,,"{""prediction"": 0}"
1104,1104,1123,1772371976355,0,0,,"{""prediction"": 0}"
1103,1103,1122,1772371975422,0,0,,"{""prediction"": 0}"
1106,1106,1125,1772371978042,0,0,,"{""prediction"": 0}"
1109,1109,1128,1772371980616,0,0,,"{""prediction"": 0}"
1108,1108,1127,1772371979777,0,0,,"{""prediction"": 0}"
1107,1107,1126,1772371978872,0,0,,"{""prediction"": 0}"
1110,1110,1129,1772371981498,0,0,,"{""prediction"": 0}"
1111,1111,1130,1772371982287,0,0,,"{""prediction"": 0}"
1112,1112,1131,1772371983120,0,0,,"{""prediction"": 0}"
1114,1114,1133,1772371984798,0,0,,"{""prediction"": 0}"
1113,1113,1132,1772371983979,0,0,,"{""prediction"": 0}"
1115,1115,1134,1772371985667,0,0,,"{""prediction"": 0}"
1118,1118,1137,1772371988334,0,0,,"{""prediction"": 0}"
1116,1116,1135,1772371986620,0,0,,"{""prediction"": 0}"
1119,1119,1138,1772371989258,0,0,,"{""prediction"": 0}"
1117,1117,1136,1772371987531,0,0,,"{""prediction"": 0}"
1120,1120,1139,1772371990125,0,0,,"{""prediction"": 0}"
1121,1121,1140,1772371990943,0,0,,"{""prediction"": 0}"
1123,1123,1142,1772371992717,0,0,,"{""prediction"": 0}"
1124,1124,1143,1772371993610,0,0,,"{""prediction"": 0}"
1122,1122,1141,1772371991826,0,0,,"{""prediction"": 0}"
1125,1125,1144,1772371994479,0,0,,"{""prediction"": 0}"
1128,1128,1147,1772371997110,0,0,,"{""prediction"": 0}"
1126,1126,1145,1772371995386,0,0,,"{""prediction"": 0}"
1127,1127,1146,1772371996228,0,0,,"{""prediction"": 0}"
1129,1129,1148,1772371997965,0,0,,"{""prediction"": 0}"
1131,1131,1150,1772371999660,0,0,,"{""prediction"": 0}"
1133,1133,1152,1772372001442,0,0,,"{""prediction"": 0}"
1130,1130,1149,1772371998817,0,0,,"{""prediction"": 0}"
1132,1132,1151,1772372000510,0,0,,"{""prediction"": 0}"
1134,1134,1153,1772372002296,0,0,,"{""prediction"": 0}"
1135,1135,1154,1772372003259,0,0,,"{""prediction"": 0}"
1136,1136,1155,1772372004094,0,0,,"{""prediction"": 0}"
1137,1137,1156,1772372005003,0,0,,"{""prediction"": 0}"
1140,1140,1159,1772372007582,0,0,,"{""prediction"": 0}"
1139,1139,1158,1772372006675,0,0,,"{""prediction"": 0}"
1138,1138,1157,1772372005887,0,1,,"{""prediction"": 1}"
1143,1143,1162,1772372010376,0,0,,"{""prediction"": 0}"
1141,1141,1160,1772372008512,0,0,,"{""prediction"": 0}"
1142,1142,1161,1772372009452,0,0,,"{""prediction"": 0}"
1144,1144,1163,1772372011334,0,0,,"{""prediction"": 0}"
1145,1145,1164,1772372012160,0,0,,"{""prediction"": 0}"
1146,1146,1165,1772372012974,0,0,,"{""prediction"": 0}"
1148,1148,1167,1772372014671,0,0,,"{""prediction"": 0}"
1147,1147,1166,1772372013839,0,0,,"{""prediction"": 0}"
1149,1149,1168,1772372015514,1,1,,"{""prediction"": 1}"
1151,1151,1170,1772372017122,1,1,,"{""prediction"": 1}"
1150,1150,1169,1772372016308,1,1,,"{""prediction"": 1}"
1152,1152,1171,1772372017915,1,0,,"{""prediction"": 0}"
1153,1153,1172,1772372018814,0,1,,"{""prediction"": 1}"
1154,1154,1173,1772372019710,1,0,,"{""prediction"": 0}"
1155,1155,1174,1772372020587,1,1,,"{""prediction"": 1}"
1157,1157,1176,1772372022187,1,1,,"{""prediction"": 1}"
1158,1158,1177,1772372022971,0,1,,"{""prediction"": 1}"
1156,1156,1175,1772372021432,1,1,,"{""prediction"": 1}"
1159,1159,1178,1772372023683,0,0,,"{""prediction"": 0}"
1160,1160,1179,1772372024426,0,0,,"{""prediction"": 0}"
1161,1161,1180,1772372025275,0,0,,"{""prediction"": 0}"
1163,1163,1182,1772372026843,0,0,,"{""prediction"": 0}"
1162,1162,1181,1772372026057,0,1,,"{""prediction"": 1}"
1164,1164,1183,1772372027641,0,0,,"{""prediction"": 0}"
1166,1166,1185,1772372029209,1,0,,"{""prediction"": 0}"
1167,1167,1186,1772372030081,1,1,,"{""prediction"": 1}"
1165,1165,1184,1772372028485,1,0,,"{""prediction"": 0}"
1168,1168,1187,1772372030874,0,1,,"{""prediction"": 1}"
1171,1171,1190,1772372033251,0,0,,"{""prediction"": 0}"
1169,1169,1188,1772372031672,0,1,,"{""prediction"": 1}"
1170,1170,1189,1772372032426,0,1,,"{""prediction"": 1}"
1172,1172,1191,1772372034016,0,0,,"{""prediction"": 0}"
1173,1173,1192,1772372034781,0,0,,"{""prediction"": 0}"
1175,1175,1194,1772372036319,0,0,,"{""prediction"": 0}"
1174,1174,1193,1772372035498,0,0,,"{""prediction"": 0}"
1177,1177,1196,1772372037951,0,0,,"{""prediction"": 0}"
1176,1176,1195,1772372037148,0,0,,"{""prediction"": 0}"
1179,1179,1198,1772372039617,0,0,,"{""prediction"": 0}"
1178,1178,1197,1772372038765,0,0,,"{""prediction"": 0}"
1181,1181,1200,1772372041281,0,0,,"{""prediction"": 0}"
1180,1180,1199,1772372040425,0,0,,"{""prediction"": 0}"
1182,1182,1201,1772372042126,0,0,,"{""prediction"": 0}"
1183,1183,1202,1772372043021,0,0,,"{""prediction"": 0}"
1184,1184,1203,1772372043909,0,0,,"{""prediction"": 0}"
1185,1185,1204,1772372044833,0,0,,"{""prediction"": 0}"
1186,1186,1205,1772372045775,0,0,,"{""prediction"": 0}"
1187,1187,1206,1772372046623,0,0,,"{""prediction"": 0}"
1189,1189,1208,1772372048286,0,0,,"{""prediction"": 0}"
1188,1188,1207,1772372047392,0,0,,"{""prediction"": 0}"
1190,1190,1209,1772372049134,0,0,,"{""prediction"": 0}"
1191,1191,1210,1772372049985,0,0,,"{""prediction"": 0}"
1192,1192,1211,1772372050787,0,0,,"{""prediction"": 0}"
1193,1193,1212,1772372051626,0,0,,"{""prediction"": 0}"
1195,1195,1214,1772372053306,0,0,,"{""prediction"": 0}"
1194,1194,1213,1772372052449,0,0,,"{""prediction"": 0}"
1196,1196,1215,1772372054096,0,0,,"{""prediction"": 0}"
1197,1197,1216,1772372054991,0,0,,"{""prediction"": 0}"
1200,1200,1219,1772372057473,0,0,,"{""prediction"": 0}"
1199,1199,1218,1772372056626,0,0,,"{""prediction"": 0}"
1198,1198,1217,1772372055810,0,0,,"{""prediction"": 0}"
1202,1202,1221,1772372059306,0,0,,"{""prediction"": 0}"
1201,1201,1220,1772372058337,0,0,,"{""prediction"": 0}"
1204,1204,1223,1772372061053,0,0,,"{""prediction"": 0}"
1203,1203,1222,1772372060186,0,0,,"{""prediction"": 0}"
1205,1205,1224,1772372061910,0,0,,"{""prediction"": 0}"
1206,1206,1225,1772372062737,0,0,,"{""prediction"": 0}"
1207,1207,1226,1772372063664,0,0,,"{""prediction"": 0}"
